{
    "Agent": {
        "total": 0.014799118041992188
    },
    "Env": {
        "apply_act": 1.654451608657837,
        "observation_computation": 0.6195690631866455,
        "powerflow_computation": 4.511411905288696,
        "total": 6.785432577133179
    },
    "total": 6.875202178955078
}