{
    "Agent": {
        "total": 0.016962766647338867
    },
    "Env": {
        "apply_act": 1.7110340595245361,
        "observation_computation": 0.40426135063171387,
        "powerflow_computation": 4.664002180099487,
        "total": 6.779297590255737
    },
    "total": 6.8768041133880615
}