{
    "Agent": {
        "total": 9.745903968811035
    },
    "Env": {
        "apply_act": 2.1042211055755615,
        "observation_computation": 0.3931262493133545,
        "powerflow_computation": 4.619527101516724,
        "total": 7.11687445640564
    },
    "total": 16.944292306900024
}