{
    "Agent": {
        "total": 12.9299655000018
    },
    "Env": {
        "apply_act": 3.0835695000005217,
        "observation_computation": 0.5772117000028629,
        "powerflow_computation": 5.639008500003456,
        "total": 9.29978970000684
    },
    "total": 22.339654799999607
}