{
    "Agent": {
        "total": 10.210083484649658
    },
    "Env": {
        "apply_act": 1.885739803314209,
        "observation_computation": 0.45592212677001953,
        "powerflow_computation": 5.189035177230835,
        "total": 7.5306971073150635
    },
    "total": 17.828773975372314
}