{
    "Agent": {
        "total": 12.025053024291992
    },
    "Env": {
        "apply_act": 2.714787721633911,
        "observation_computation": 0.49448537826538086,
        "powerflow_computation": 5.673927307128906,
        "total": 8.883200407028198
    },
    "total": 21.01049304008484
}