{
    "Agent": {
        "total": 21.076054299998304
    },
    "Env": {
        "apply_act": 5.212748800000554,
        "observation_computation": 0.9345285999984299,
        "powerflow_computation": 9.019238000004407,
        "total": 15.16651540000339
    },
    "total": 36.42167620000009
}