{
    "Agent": {
        "total": 14.164076700003534
    },
    "Env": {
        "apply_act": 3.1680184999981975,
        "observation_computation": 0.6272050999996281,
        "powerflow_computation": 6.259978599996884,
        "total": 10.05520219999471
    },
    "total": 24.341455499999938
}