{
    "Agent": {
        "total": 12.602290630340576
    },
    "Env": {
        "apply_act": 2.65283203125,
        "observation_computation": 0.5200436115264893,
        "powerflow_computation": 6.0595715045928955,
        "total": 9.232447147369385
    },
    "total": 21.94008231163025
}