{
    "Agent": {
        "total": 0.017301559448242188
    },
    "Env": {
        "apply_act": 1.7591526508331299,
        "observation_computation": 0.432361364364624,
        "powerflow_computation": 4.909420967102051,
        "total": 7.100934982299805
    },
    "total": 7.20216703414917
}