{
    "Agent": {
        "total": 0.021506309509277344
    },
    "Env": {
        "apply_act": 2.3085145950317383,
        "observation_computation": 0.5608372688293457,
        "powerflow_computation": 6.267377138137817,
        "total": 9.136729001998901
    },
    "total": 9.267993927001953
}