{
    "Agent": {
        "total": 0.02078390121459961
    },
    "Env": {
        "apply_act": 2.1664295196533203,
        "observation_computation": 0.52520751953125,
        "powerflow_computation": 5.886312007904053,
        "total": 8.577949047088623
    },
    "total": 8.698805093765259
}