{
    "Agent": {
        "total": 0.020450830459594727
    },
    "Env": {
        "apply_act": 2.1553571224212646,
        "observation_computation": 0.5254185199737549,
        "powerflow_computation": 5.842236518859863,
        "total": 8.523012161254883
    },
    "total": 8.645920038223267
}