{
    "Agent": {
        "total": 23.629075699993336
    },
    "Env": {
        "apply_act": 5.8186771999917255,
        "observation_computation": 1.059063699984108,
        "powerflow_computation": 10.299367600016922,
        "total": 17.177108499992755
    },
    "total": 41.01384709999911
}