{"0.2": {"-1": {"1000000": {"/home/boguslawskieva/L2RPN-WCCI-Baselines/RL/saved_model/expe_case_14/expe_to_run/GymEnvWithRecoDNShuffle14_stor_only_bs/GymEnvWithRecoDNShuffle14_stor_only_bs_20221209_171825_batch_size_0/GymEnvWithRecoDNShuffle14_stor_only_bs_20221209_171825_batch_size_0_1000000_steps.zip": {"score_avg": 1.2260153702850403, "total_survived": 89.0, "scores": [1.2260153702850403], "score_std": 0.0, "min": 1.2260153702850403, "max": 1.2260153702850403, "n_played": [89], "total_ts": [288], "chronics_names": []}, "/home/boguslawskieva/L2RPN-WCCI-Baselines/RL/saved_model/expe_case_14/expe_to_run/GymEnvWithRecoDNShuffle14_stor_only_bs/GymEnvWithRecoDNShuffle14_stor_only_bs_20221209_171825_batch_size_2/GymEnvWithRecoDNShuffle14_stor_only_bs_20221209_171825_batch_size_2_1000000_steps.zip": {"score_avg": -0.004804427917648183, "total_survived": 86.0, "scores": [-0.004804427917648183], "score_std": 0.0, "min": -0.004804427917648183, "max": -0.004804427917648183, "n_played": [86], "total_ts": [288], "chronics_names": []}, "/home/boguslawskieva/L2RPN-WCCI-Baselines/RL/saved_model/expe_case_14/expe_to_run/GymEnvWithRecoDNShuffle14_stor_only_bs/GymEnvWithRecoDNShuffle14_stor_only_bs_20221209_171825_batch_size_1/GymEnvWithRecoDNShuffle14_stor_only_bs_20221209_171825_batch_size_1_1000000_steps.zip": {"score_avg": -0.004788086326091557, "total_survived": 86.0, "scores": [-0.004788086326091557], "score_std": 0.0, "min": -0.004788086326091557, "max": -0.004788086326091557, "n_played": [86], "total_ts": [288], "chronics_names": []}, "/home/boguslawskieva/L2RPN-WCCI-Baselines/RL/saved_model/expe_case_14/expe_to_run/GymEnvWithRecoDNShuffle14_stor_only_bs/GymEnvWithRecoDNShuffle14_stor_only_bs_20221210_035901_batch_size_5/GymEnvWithRecoDNShuffle14_stor_only_bs_20221210_035901_batch_size_5_1000000_steps.zip": {"score_avg": 1.2263799486344737, "total_survived": 89.0, "scores": [1.2263799486344737], "score_std": 0.0, "min": 1.2263799486344737, "max": 1.2263799486344737, "n_played": [89], "total_ts": [288], "chronics_names": []}, "/home/boguslawskieva/L2RPN-WCCI-Baselines/RL/saved_model/expe_case_14/expe_to_run/GymEnvWithRecoDNShuffle14_stor_only_bs/GymEnvWithRecoDNShuffle14_stor_only_bs_20221210_035901_batch_size_3/GymEnvWithRecoDNShuffle14_stor_only_bs_20221210_035901_batch_size_3_1000000_steps.zip": {"score_avg": -0.004788086326091557, "total_survived": 86.0, "scores": [-0.004788086326091557], "score_std": 0.0, "min": -0.004788086326091557, "max": -0.004788086326091557, "n_played": [86], "total_ts": [288], "chronics_names": []}, "/home/boguslawskieva/L2RPN-WCCI-Baselines/RL/saved_model/expe_case_14/expe_to_run/GymEnvWithRecoDNShuffle14_stor_only_bs/GymEnvWithRecoDNShuffle14_stor_only_bs_20221210_035901_batch_size_1/GymEnvWithRecoDNShuffle14_stor_only_bs_20221210_035901_batch_size_1_1000000_steps.zip": {"score_avg": -0.00477174473453493, "total_survived": 86.0, "scores": [-0.00477174473453493], "score_std": 0.0, "min": -0.00477174473453493, "max": -0.00477174473453493, "n_played": [86], "total_ts": [288], "chronics_names": []}, "/home/boguslawskieva/L2RPN-WCCI-Baselines/RL/saved_model/expe_case_14/expe_to_run/GymEnvWithRecoDNShuffle14_stor_only_bs/GymEnvWithRecoDNShuffle14_stor_only_bs_20221209_171825_batch_size_3/GymEnvWithRecoDNShuffle14_stor_only_bs_20221209_171825_batch_size_3_1000000_steps.zip": {"score_avg": -0.004804427917648183, "total_survived": 86.0, "scores": [-0.004804427917648183], "score_std": 0.0, "min": -0.004804427917648183, "max": -0.004804427917648183, "n_played": [86], "total_ts": [288], "chronics_names": []}, "/home/boguslawskieva/L2RPN-WCCI-Baselines/RL/saved_model/expe_case_14/expe_to_run/GymEnvWithRecoDNShuffle14_stor_only_bs/GymEnvWithRecoDNShuffle14_stor_only_bs_20221209_171825_batch_size_4/GymEnvWithRecoDNShuffle14_stor_only_bs_20221209_171825_batch_size_4_1000000_steps.zip": {"score_avg": -0.004755403142978304, "total_survived": 86.0, "scores": [-0.004755403142978304], "score_std": 0.0, "min": -0.004755403142978304, "max": -0.004755403142978304, "n_played": [86], "total_ts": [288], "chronics_names": []}, "/home/boguslawskieva/L2RPN-WCCI-Baselines/RL/saved_model/expe_case_14/expe_to_run/GymEnvWithRecoDNShuffle14_stor_only_bs/GymEnvWithRecoDNShuffle14_stor_only_bs_20221210_144206_batch_size_0/GymEnvWithRecoDNShuffle14_stor_only_bs_20221210_144206_batch_size_0_1000000_steps.zip": {"score_avg": -0.004690036776751798, "total_survived": 86.0, "scores": [-0.004690036776751798], "score_std": 0.0, "min": -0.004690036776751798, "max": -0.004690036776751798, "n_played": [86], "total_ts": [288], "chronics_names": []}, "/home/boguslawskieva/L2RPN-WCCI-Baselines/RL/saved_model/expe_case_14/expe_to_run/GymEnvWithRecoDNShuffle14_stor_only_bs/GymEnvWithRecoDNShuffle14_stor_only_bs_20221209_171825_batch_size_6/GymEnvWithRecoDNShuffle14_stor_only_bs_20221209_171825_batch_size_6_1000000_steps.zip": {"score_avg": 0.815587442225123, "total_survived": 88.0, "scores": [0.815587442225123], "score_std": 0.0, "min": 0.815587442225123, "max": 0.815587442225123, "n_played": [88], "total_ts": [288], "chronics_names": []}, "/home/boguslawskieva/L2RPN-WCCI-Baselines/RL/saved_model/expe_case_14/expe_to_run/GymEnvWithRecoDNShuffle14_stor_only_bs/GymEnvWithRecoDNShuffle14_stor_only_bs_20221210_144206_batch_size_2/GymEnvWithRecoDNShuffle14_stor_only_bs_20221210_144206_batch_size_2_1000000_steps.zip": {"score_avg": -0.004820769509204809, "total_survived": 86.0, "scores": [-0.004820769509204809], "score_std": 0.0, "min": -0.004820769509204809, "max": -0.004820769509204809, "n_played": [86], "total_ts": [288], "chronics_names": []}, "/home/boguslawskieva/L2RPN-WCCI-Baselines/RL/saved_model/expe_case_14/expe_to_run/GymEnvWithRecoDNShuffle14_stor_only_bs/GymEnvWithRecoDNShuffle14_stor_only_bs_20221210_035901_batch_size_4/GymEnvWithRecoDNShuffle14_stor_only_bs_20221210_035901_batch_size_4_1000000_steps.zip": {"score_avg": -0.00477174473453493, "total_survived": 86.0, "scores": [-0.00477174473453493], "score_std": 0.0, "min": -0.00477174473453493, "max": -0.00477174473453493, "n_played": [86], "total_ts": [288], "chronics_names": []}, "/home/boguslawskieva/L2RPN-WCCI-Baselines/RL/saved_model/expe_case_14/expe_to_run/GymEnvWithRecoDNShuffle14_stor_only_bs/GymEnvWithRecoDNShuffle14_stor_only_bs_20221210_035901_batch_size_6/GymEnvWithRecoDNShuffle14_stor_only_bs_20221210_035901_batch_size_6_1000000_steps.zip": {"score_avg": 0.815520688442831, "total_survived": 88.0, "scores": [0.815520688442831], "score_std": 0.0, "min": 0.815520688442831, "max": 0.815520688442831, "n_played": [88], "total_ts": [288], "chronics_names": []}, "/home/boguslawskieva/L2RPN-WCCI-Baselines/RL/saved_model/expe_case_14/expe_to_run/GymEnvWithRecoDNShuffle14_stor_only_bs/GymEnvWithRecoDNShuffle14_stor_only_bs_20221210_035901_batch_size_2/GymEnvWithRecoDNShuffle14_stor_only_bs_20221210_035901_batch_size_2_1000000_steps.zip": {"score_avg": -0.004804427917648183, "total_survived": 86.0, "scores": [-0.004804427917648183], "score_std": 0.0, "min": -0.004804427917648183, "max": -0.004804427917648183, "n_played": [86], "total_ts": [288], "chronics_names": []}, "/home/boguslawskieva/L2RPN-WCCI-Baselines/RL/saved_model/expe_case_14/expe_to_run/GymEnvWithRecoDNShuffle14_stor_only_bs/GymEnvWithRecoDNShuffle14_stor_only_bs_20221210_144206_batch_size_4/GymEnvWithRecoDNShuffle14_stor_only_bs_20221210_144206_batch_size_4_1000000_steps.zip": {"score_avg": -0.004755403142978304, "total_survived": 86.0, "scores": [-0.004755403142978304], "score_std": 0.0, "min": -0.004755403142978304, "max": -0.004755403142978304, "n_played": [86], "total_ts": [288], "chronics_names": []}, "/home/boguslawskieva/L2RPN-WCCI-Baselines/RL/saved_model/expe_case_14/expe_to_run/GymEnvWithRecoDNShuffle14_stor_only_bs/GymEnvWithRecoDNShuffle14_stor_only_bs_20221210_144206_batch_size_1/GymEnvWithRecoDNShuffle14_stor_only_bs_20221210_144206_batch_size_1_1000000_steps.zip": {"score_avg": -0.004788086326091557, "total_survived": 86.0,