{
    "Agent": {
        "total": 0.021793842315673828
    },
    "Env": {
        "apply_act": 2.309086799621582,
        "observation_computation": 0.5646510124206543,
        "powerflow_computation": 6.0869951248168945,
        "total": 8.96073293685913
    },
    "total": 9.090109825134277
}