{
    "Agent": {
        "total": 0.02059626579284668
    },
    "Env": {
        "apply_act": 2.172767400741577,
        "observation_computation": 0.6593039035797119,
        "powerflow_computation": 5.860509634017944,
        "total": 8.692580938339233
    },
    "total": 8.815720081329346
}