{
    "Agent": {
        "total": 15.72450459999709
    },
    "Env": {
        "apply_act": 3.5418639999970765,
        "observation_computation": 0.7004310000038458,
        "powerflow_computation": 7.014515700000629,
        "total": 11.256810700001552
    },
    "total": 27.117856800000027
}