{
    "Agent": {
        "total": 15.001220226287842
    },
    "Env": {
        "apply_act": 3.030322313308716,
        "observation_computation": 0.6331121921539307,
        "powerflow_computation": 7.182724475860596,
        "total": 10.846158981323242
    },
    "total": 25.97103190422058
}