{
    "Agent": {
        "total": 13.86793589999752
    },
    "Env": {
        "apply_act": 3.2750815000013063,
        "observation_computation": 0.6120776999982809,
        "powerflow_computation": 6.040252700002384,
        "total": 9.927411900001971
    },
    "total": 23.91226560000041
}