{
    "Agent": {
        "total": 9.95902395248413
    },
    "Env": {
        "apply_act": 2.169743776321411,
        "observation_computation": 0.401123046875,
        "powerflow_computation": 4.7136969566345215,
        "total": 7.284563779830933
    },
    "total": 17.326664924621582
}