{
    "Agent": {
        "total": 10.240294694900513
    },
    "Env": {
        "apply_act": 1.8797821998596191,
        "observation_computation": 0.43557214736938477,
        "powerflow_computation": 5.032762050628662,
        "total": 7.348116397857666
    },
    "total": 17.676247119903564
}