{
    "Agent": {
        "total": 0.006136178970336914
    },
    "Env": {
        "apply_act": 0.6496329307556152,
        "observation_computation": 0.1570596694946289,
        "powerflow_computation": 1.8231728076934814,
        "total": 2.6298654079437256
    },
    "total": 2.6675329208374023
}