{
    "Agent": {
        "total": 0.006540775299072266
    },
    "Env": {
        "apply_act": 0.7011141777038574,
        "observation_computation": 0.17074894905090332,
        "powerflow_computation": 2.000610828399658,
        "total": 2.872473955154419
    },
    "total": 2.910830020904541
}