{"0.2": {"100.": {"1000000": {"/home/gaetan/Documents/Projects/L2RPN/L2RPN-WCCI-Baselines/RL/ADPRL_paper/gaetan/AEMlpPolicy_20220728_161820/AEMlpPolicy_20220728_161820_1000000_steps.zip": {"score_avg": -10.749543035948484, "total_survived": 30831.0, "scores": [-77.6901734409943, 3.1778492309167063, -30.320615478997173, -11.158841963285145, -93.87949082203004, -89.59312536529396, -77.94494974111848, -68.33178161331136, -97.59084257298534, -32.21358563604167, -91.46220036687379, 0.6557919191254626, 0.6383730169807365, -84.784953768974, 3.5087394118803843, -4.281322569505941, 1.6863053128328858, -39.38857411228369, -3.7829354280059375, -82.62362689337759, 1.9614937592725425, -9.11195387684416, -5.072435497295048, -93.51805551402038, -31.871196285359325, -4.769340502382814, 73.44466852183946, 66.03395065083923, 71.10661624090464, 63.48167595220051, 22.877592474077588, 26.979541282605403, 74.9728412889286, 74.42100952828785, 73.16174100229767, 54.40781616552454, 71.78799136778363, 25.892576613138758, -5.8417688054918475, -6.900762282794341, 36.06784570792805, 5.87909049262862, -58.55633475040932, -3.548484076326984, -6.5732429293679004, 3.9725302642763296, -21.9984784301721, -3.801665929758998, -52.6735502786305, -13.446490391720648, -50.76289081125264, -61.59860793868532], "score_std": 50.618421067158636, "min": -97.59084257298534, "max": 74.9728412889286, "n_played": [131, 131, 107, 111, 13, 9, 6, 10, 6, 94, 27, 142, 102, 160, 124, 142, 98, 155, 104, 155, 124, 146, 413, 79, 806, 2017, 2017, 2017, 2017, 2017, 684, 972, 2017, 2017, 2017, 1614, 2017, 1752, 538, 554, 1225, 360, 254, 234, 147, 307, 142, 137, 119, 103, 34, 107], "total_ts": [2017, 2017, 2017, 2017, 2017, 2017, 2017, 2017, 2017, 2017, 2017, 2017, 2017, 2017, 2017, 2017, 2017, 2017, 2017, 2017, 2017, 2017, 2017, 2017, 2017, 2017, 2017, 2017, 2017, 2017, 2017, 2017, 2017, 2017, 2017, 2017, 2017, 2017, 2017, 2017, 2017, 2017, 2017, 2017, 2017, 2017, 2017, 2017, 2017, 2017, 2017, 2017]}}, "2000000": {"/home/gaetan/Documents/Projects/L2RPN/L2RPN-WCCI-Baselines/RL/ADPRL_paper/gaetan/AEMlpPolicy_20220728_161820/AEMlpPolicy_20220728_161820_2000000_steps.zip": {"score_avg": -26.334141945286294, "total_survived": 21883.0, "scores": [-82.21654538349847, 1.6393728172577795, -31.09192593992874, -13.205850577206549, -93.01255939124091, -88.4949817406876, -77.9642623945851, -62.37476823668903, -97.20269441145912, -32.992010871803316, -92.6718133977493, -23.421209857293267, 0.38854307634957763, -89.91777126864397, 2.8050034059592406, -32.436039890409226, 1.4878735858507355, -62.75388547551121, -3.526410192973775, -83.87117478797002, 1.7445935265366046, -10.900760681324945, -61.12192116625052, -93.51247434575146, -30.821173301929804, -48.74488341343659, 74.77944556027553, 68.72162657163514, 72.94488884857304, -89.02509858379072, 23.105092442175476, -61.04256098797798, 36.636256833753734, 3.497693210288503, 74.1409642894611, 25.018635050871403, 73.23582076307802, -52.05029057796005, 38.03813451878085, -75.02745530612384, 9.322788675890123, -5.691906846524467, -58.38128249267037, -54.38835723961432, -32.23730167739232, -26.46841317446416, -23.84552014729516, -8.293099655838198, -55.95505646673035, -14.485856021637428, -45.73534670662761, -61.9994517206343], "score_std": 48.55894518654084, "min": -97.20269441145912, "max": 74.77944556027553, "n_played": [108, 94, 106, 109, 15, 10, 6, 12, 7, 93, 23, 102, 96, 113, 107, 105, 93, 101, 104, 145, 119, 143, 170, 79, 809, 1033, 2017, 2017, 2017, 180, 684, 171, 1007, 480, 2017, 1026, 2017, 747, 1260, 159, 704, 202, 254, 120, 112, 162, 139, 131, 112, 102, 38, 106], "total_ts": [2017, 2017, 2017, 2017, 2017, 2017, 2017, 2017, 2017, 2017, 2017, 2017, 2017, 2017, 2017, 2017, 2017, 2017, 2017, 2017, 2017, 2017, 2017, 2017, 2017, 2017, 2017, 2017, 2017, 2017, 2017, 2017, 2017, 2017, 2017, 2017, 2017, 2017, 2017, 2017, 2017, 2017, 2017, 2017, 2017, 2017, 2017, 2017, 2017, 2017, 2017, 2017]}}, "3000000": {"/home/gaetan/Documents/Projects/L2RPN/L2RPN-WCCI-Baselines/RL/ADPRL_paper/gaetan/AEMlpPolicy_20220728_161820/AEMlpPolicy_20220728_161820_3000000_steps.zip": {"score_avg": -34.69217407511019, "total_survived": 15923.0, "scores": [-79.83161949294012, 1.7563874842345655, -29.50579062443155, -11.775863573021494, -93.44881891676692, -88.47559513295623, -77.94678904144864, -68.36719265996642, -97.20073786779885, -32.93682823374377, -70.82968590136872, -9.842871874054612, 0.3742028777520261, -90.14508123587348, 2.720070853441058, -34.148469973849004, 1.5224257793164782, -63.705137291027036, -6.829849084611578, -84.3035917872909, 1.753368699232567, -32.89146590087029, -63.17022341864336, -93.5330429503064, -91.43359522288226, -92.68341239102762, 11.65341557876097, -69.18949650369173, 72.57828711501334, -91.17358989190916, 23.097907913941185, -61.07171269867885, 12.174157438523466, 3.4803669798304497, 73.71763518672452, 23.996056958537103, 22.637783787292683, -72.26978988428725, 37.68175676224667, -79.63765138404808, -72.5509953917471, 5.812052294665662, -34.18265668459555, -44.13005276068423, -30.65454100922959, -32.849895886329094, -23.051692858975684, -8.789790236825091, -54.85751791560893, -13.907776735839999, -37.23839486411007, -60.38771033380321], "score_std": 44.0187003127932, "min": -97.20073786779885, "max": 73.71763518672452, "n_played": [120, 97, 108, 111, 14, 10, 6, 10, 7, 93, 95, 117, 96, 111, 105, 103, 94, 99, 101, 142, 119, 112, 162, 79, 111, 157, 1022, 426, 2017, 149, 684, 171, 437, 480, 2017, 1011, 1312, 446, 1260, 135, 156, 360, 408, 144, 114, 150, 141, 131, 115, 103, 45, 110], "total_ts": [2017, 2017, 2017, 2017, 2017, 2017, 2017, 2017, 2017, 2017, 2017, 2017, 2017, 2017, 2017, 2017, 2017, 2017, 2017, 2017, 2017, 2017, 2017, 2017, 2017, 2017, 2017, 2017, 2017, 2017, 2017, 2017, 2017, 2017, 2017, 2017, 2017, 2017, 2017, 2017, 2017, 2017, 2017, 2017, 2017, 2017, 2017, 2017, 2017, 2017, 2017, 2017]}}, "4000000": {"/home/gaetan/Documents/Projects/L2RPN/L2RPN-WCCI-Baselines/RL/ADPRL_paper/gaetan/AEMlpPolicy_20220728_161820/AEMlpPolicy_20220728_161820_4000000_steps.zip": {"score_avg": -13.10911428423076, "total_survived": 29549.0, "scores": [-78.79672386607994, 1.843601228412723, -28.616955633152262, -3.80256203208915, -92.13439198492314, -85.21749619807082, -77.9118423351757, -21.227132023522483, -97.19848031742161, -31.98585430136309, -64.26656428054211, 0.116612963713564, 0.4661590723551541, -88.73907962367848, 2.850178820525457, -29.502834261266546, 1.7299040436881512, -57.72114884271807, 0.2896750951805416, -83.73869546357346, 1.840018610786359, -9.45283556568823, -4.560298975239284, -93.50597167617957, -30.825998768022586, -4.088158116291368, 74.32941729310375, 67.67893661733223, 72.42969726380224, 65.84335470520607, 23.133311504307017, -61.19005233547504, 75.61116480900382, -99.01257722422018, 73.8399003547762, 73.98216765704771, 72.90246772856503, 62.93471100287957, 37.843036583409486, 23.086684649857276, 10.53785675358931, -6.216944595360228, -32.97138382642793, -43.26563570757569, -23.209748260174813, 17.806126857291346, -21.646356560531917, -7.046540718407213, -53.31936775650096, -12.679816008611027, -39.45405626319733, -59.4634228733522], "score_std": 51.54127281509079, "min": -99.01257722422018, "max": 75.61116480900382, "n_played": [125, 99, 109, 119, 17, 13, 6, 26, 7, 94, 113, 130, 98, 124, 108, 109, 99, 113, 114, 146, 121, 145, 413, 79, 812, 2017, 2017, 2017, 2017, 2017, 684, 171, 2017, 4, 2017, 2017, 2017, 2017, 1260, 1024, 726, 202, 414, 146, 124, 632, 143, 133, 118, 104, 43, 112], "total_ts": [2017, 2017, 2017, 2017, 2017, 2017, 2017, 2017, 2017, 2017, 2017, 2017, 2017, 2017, 2017, 2017, 2017, 2017, 2017, 2017, 2017, 2017, 2017, 2017, 2017, 2017, 2017, 2017, 2017, 2017, 2017, 2017, 2017, 2017, 2017, 2017, 2017, 2017, 2017, 2017, 2017, 2017, 2017, 2017, 2017, 2017, 2017, 2017, 2017, 2017, 2017, 2017]}},