{"0.9000": {"10000000": {"/home/donnotben/Documents/2022_ADPRL_paper/saved_model_groesslao01/GymEnvWithRecoWithDN_20220709_195644_learning_rate_0/GymEnvWithRecoWithDN_20220709_195644_learning_rate_0_10000000_steps.zip": {"scores": [-77.83882230035292, 1.734678402682178, 0.09299073128997293, 0.6201160842575746, -93.84007380517546, -88.41441961522611, 0.23807070481338144, -50.10344800146419, -96.00920277869334, 0.3085729584570345, -0.9700436541761198, 0.4300066833997107, -0.001015903976756117, -24.166970048972072, -0.0017500364590928978, 0.09628052052124758, -0.004315819327472039, 6.288750015068857, 0.0, 13.271228765295362, 0.0, -7.530416292171778, -73.19626508531003, -24.8500734766888, -88.75733550880128, -0.6521568044343851, 12.364868949819595, -90.56960936663944, 44.1089778849003, -73.02339726068794, -18.424768537090227, -71.04358537501484, -27.869461730006964, 4.377216366787437, -8.912967538772135, 79.20348626344152, -30.47367526453884, -89.77799413273587, -69.49794822256231, 25.17902439650554, 0.11204232464670838, 13.108497734390951, -77.45122875214601, -0.5917611681641795, -0.011023986448137056, 0.9885187735051488, -44.53373788483787, -26.63265782229342, -50.95394552020391, -2.3811111939429845, 1.3849296555650596, -47.850318680804065], "score_avg": -22.162062391399452, "score_std": 39.214425742997776, "min": -96.00920277869334, "max": 79.20348626344152, "n_played": [127, 94, 144, 134, 13, 10, 36, 16, 10, 134, 279, 135, 85, 738, 25, 145, 50, 377, 105, 985, 76, 145, 117, 754, 135, 2017, 996, 131, 1551, 409, 95, 129, 103, 480, 730, 2017, 698, 164, 172, 1025, 505, 503, 141, 234, 149, 227, 103, 106, 120, 111, 107, 136], "total_ts": [2017, 2017, 2017, 2017, 2017, 2017, 2017, 2017, 2017, 2017, 2017, 2017, 2017, 2017, 2017, 2017, 2017, 2017, 2017, 2017, 2017, 2017, 2017, 2017, 2017, 2017, 2017, 2017, 2017, 2017, 2017, 2017, 2017, 2017, 2017, 2017, 2017, 2017, 2017, 2017, 2017, 2017, 2017, 2017, 2017, 2017, 2017, 2017, 2017, 2017, 2017, 2017]}, "/home/donnotben/Documents/2022_ADPRL_paper/saved_model_groesslao01/GymEnvWithRecoWithDN_20220708_145245_learning_rate_0/GymEnvWithRecoWithDN_20220708_145245_learning_rate_0_10000000_steps.zip": {"scores": [-22.971399033357162, 0.47820869514200126, -0.06830333099116516, -2.5151711041074383, -95.20023419417102, -95.28847990326801, -3.2753340629224645, -23.590918856979158, -98.37044996992441, 0.7396106972279881, -0.6398837893895006, 0.06932534058654483, -0.0022011252829715867, -57.65703549928614, -11.353069855621992, -0.8417196925996543, -0.013872276409731555, -0.08487498747399723, 0.0, 18.70604427202614, 0.0, -9.010456628011488, -1.1883745578443612, -24.850099556914355, -88.75733550880128, -1.2567771703650186, 31.60159291052011, -90.56960936663944, 0.6767527943714526, -73.02339726068794, 0.08796180985699209, -71.04358537501484, -27.869461730006964, 4.301479196759246, 79.8286995425835, 25.351960627193044, 1.0314582056015524, -1.0243335288101167, -0.5738879418551274, -27.697675779425186, 0.0, 12.96483788152841, -2.4103548857419446, -0.5181642142448987, 0.048280416997044995, 0.9612716266446455, -2.0547495036891315, -39.175344772806554, -87.97764315886792, -2.4083149250393343, -35.91440467270622, -46.94965669398066], "score_avg": -16.717290209542288, "score_std": 36.1325127488921, "min": -98.37044996992441, "max": 79.8286995425835, "n_played": [417, 59, 142, 118, 10, 4, 28, 25, 4, 143, 279, 127, 85, 419, 22, 142, 50, 235, 105, 1058, 76, 143, 413, 754, 135, 2017, 1266, 131, 987, 409, 115, 129, 103, 480, 2017, 984, 1008, 1475, 539, 419, 503, 499, 570, 234, 150, 226, 166, 90, 30, 111, 44, 138], "total_ts": [2017, 2017, 2017, 2017, 2017, 2017, 2017, 2017, 2017, 2017, 2017, 2017, 2017, 2017, 2017, 2017, 2017, 2017, 2017, 2017, 2017, 2017, 2017, 2017, 2017, 2017, 2017, 2017, 2017, 2017, 2017, 2017, 2017, 2017, 2017, 2017, 2017, 2017, 2017, 2017, 2017, 2017, 2017, 2017, 2017, 2017, 2017, 2017, 2017, 2017, 2017, 2017]}}}}