{"subtract": {"gen_p": [48.50725173950195, 47.40003967285156, 222.63461303710938, 45.296844482421875, 22.52187728881836, 22.43641471862793, 0.9449967741966248, 22.761425018310547, 33.382896423339844, 22.765527725219727, 24.80495262145996, 17.6625919342041, 44.793521881103516, 221.8017120361328, 45.19321823120117, 45.61965560913086, 17.14158821105957, 41.31348419189453, 16.675853729248047, 75.03040313720703, 16.930824279785156, 33.97105026245117, 21.620237350463867, 21.601598739624023, 33.96543884277344, 1.0007433891296387, 13.319466590881348, 21.268783569335938, 21.399707794189453, 16.359703063964844, 31.456777572631836, 20.729888916015625, 20.7164249420166, 45.25263595581055, 31.093881607055664, 222.5487060546875, 45.30891418457031, 33.580528259277344, 53.23640823364258, 17.26685333251953, 17.348201751708984, 0.4185355007648468, 53.06608963012695, 21.797250747680664, 21.613388061523438, 74.49332427978516, 33.918636322021484, 17.926729202270508, 41.24247360229492, 23.283958435058594, 23.292634963989258, 3.559095621109009, 34.421363830566406, 54.40565490722656, 19.273836135864258, 100.72271728515625, 17.33091926574707, 38.14067840576172, 13.081401824951172, 38.65092086791992, 1.740182638168335, 15.893569946289062], "load_p": [37.38716506958008, 14.608241081237793, 28.36212921142578, 22.100984573364258, 37.6801872253418, 13.950963020324707, 51.56182861328125, 34.91539001464844, 25.154359817504883, 10.237443923950195, 65.94700622558594, 18.40176773071289, 7.86622428894043, 42.84907913208008, 32.62144088745117, 12.815075874328613, 10.050517082214355, 7.34605073928833, 5.147051811218262, 45.60575866699219, 12.04830551147461, 17.503156661987305, 31.519420623779297, 43.18974304199219, 10.507307052612305, 27.026464462280273, 15.162076950073242, 14.104421615600586, 11.475665092468262, 8.38599681854248, 15.562646865844727, 15.896187782287598, 7.78242826461792, 6.88755989074707, 22.758031845092773, 12.134361267089844, 14.62566089630127, 8.602630615234375, 37.40273666381836, 7.284102439880371, 7.374515056610107, 7.848879337310791, 10.114879608154297, 49.398590087890625, 27.399892807006836, 36.478004455566406, 5.119235515594482, 5.117281436920166, 119.9905776977539, 32.41362762451172, 32.2174072265625, 16.81951332092285, 12.024262428283691, 44.82020950317383, 46.293113708496094, 32.721046447753906, 29.37491798400879, 26.127147674560547, 31.18193244934082, 16.557889938354492, 56.24610137939453, 58.93743133544922, 21.142168045043945, 11.418808937072754, 25.685558319091797, 22.447586059570312, 50.951416015625, 83.37384796142578, 68.18598175048828, 13.138886451721191, 31.015789031982422, 44.732730865478516, 40.5812873840332, 6.434694766998291, 14.668685913085938, 39.39595413208008, 23.42697525024414, 5.300496578216553, 24.40737533569336, 40.37809371948242, 32.697689056396484, 45.463172912597656, 29.0587215423584, 2.1206350326538086, 8.53864860534668, 41.42341995239258, 26.574522018432617, 5.817929267883301, 16.08582305908203, 14.743170738220215, 14.246210098266602], "p_or": [-7.407009601593018, -29.980113983154297, 75.13507843017578, -31.790298461914062, 33.42168045043945, -31.921817779541016, 3.1854360713623464e-05, 45.36821746826172, 42.43050003051758, 44.3298225402832, -1.8276348114013672, 5.987569808959961, 90.6125259399414, -22.097991943359375, 17.657169342041016, 39.46508026123047, 8.199758529663086, 1.631073236465454, 0.781541109085083, -8.366700172424316, 96.34916687011719, 8.354070663452148, 26.83734703063965, 34.394775390625, -4.937482833862305, 14.772640228271484, 4.968010425567627, 36.003562927246094, 15.452462196350098, -15.23940658569336, 10.36565113067627, 19.875139236450195, -6.994391441345215, 8.381656646728516, 2.6493213176727295, 19.603687286376953, -7.094356536865234, -14.503201484680176, -20.883338928222656, -27.898067474365234, -6.733784198760986, 54.01498031616211, 26.00165557861328, -35.008724212646484, 57.16770935058594, 48.76426696777344, 25.284629821777344, 39.83414840698242, -20.070154190063477, -38.85704040527344, -51.64950180053711, -49.58940124511719, 33.403106689453125, 38.852298736572266, 34.75047302246094, -5.503688812255859, 10.94563102722168, 8.898517608642578, 30.399301528930664, 0.7009428143501282, -9.227190971374512, 2.333566665649414, 14.055347442626953, 51.58824157714844, 23.723758697509766, -0.8793511390686035, 15.315085411071777, -8.037958145141602, -0.05072639510035515, 13.065309524536133, 12.55405044555664, 4.481001853942871, -12.80085563659668, -11.873210906982422, 4.184669494628906, -5.682849884033203, -5.857019424438477, 27.960378646850586, -11.694134712219238, -1.3917717933654785, 14.841326713562012, 32.78104019165039, -18.01446533203125, 9.186078071594238, -27.586868286132812, 18.565584182739258, -9.256760597229004, 31.132898330688477, 12.887877464294434, 12.789015769958496, 23.44052505493164, -0.11917609721422195, -10.188006401062012, -17.571516036987305, 69.18818664550781, -105.19999694824219, -53.54169845581055, 46.444095611572266, 28.915870666503906, 16.65802001953125, 106.60791778564453, 112.97390747070312, 18.03885269165039, -0.9438452124595642, 13.162089347839355, -14.855840682983398, 33.955474853515625, 71.9355697631836, 15.452777862548828, 8.399977684020996, -0.25346285104751587, -14.908658027648926, 4.743423938751221, 14.379292488098145, -40.2302131652832, -6.69098424911499, -10.28555679321289, 119.1929931640625, 33.63063049316406, -18.291996002197266, 7.630763053894043, -3.630228281021118, -7.991964340209961, 15.959458351135254, 24.077404022216797, 8.763547897338867, -4.267062187194824, 3.5811328887939453, -3.1463234424591064, -44.9835090637207, -26.43121910095215, 31.905128479003906, 31.960826873779297, -9.804983139038086, -11.765978813171387, 20.622554779052734, 25.83736228942871, 12.288551330566406, 4.404901504516602, -5.729520320892334, -45.12995529174805, 15.773574829101562, 15.387717247009277, -0.2906401753425598, -21.181631088256836, -11.834019660949707, -7.811960220336914, 13.186314582824707, -0.5302871465682983, 5.749607086181641, -2.173731803894043, 55.2411994934082, -1.0664821863174438, -1.1139272451400757, -2.5414211750030518, -20.59122657775879, -21.047622680664062, -13.627739906311035, -18.890602111816406, -23.347402572631836, -54.1539306640625, 84.31123352050781, 53.27322006225586, -45.16511154174805, -4.313256740570068, -4.313256740570068, -1.9311597347259521, 3.6714751720428467, 8.425521850585938, 15.349353790283203, 18.43305015563965, -4.310122489929199, 34.84915542602539, 161.01004028320312, 108.8270492553711, 218.6832733154297, 17.926729202270508, 15.893569946289062, 98.47367095947266, 33.79195785522461, 54.1539306640625, -9.123425483703613, -9.206136703491211, 269.4306945800781, 64.30926513671875, -218.6832733154297],