{"subtract": {"gen_p": [37.739749908447266, 36.77066421508789, 256.22576904296875, 34.94456100463867, 25.100500106811523, 24.955480575561523, 0.3927955627441406, 25.700931549072266, 36.38321304321289, 25.700260162353516, 25.044151306152344, 19.87881088256836, 34.502601623535156, 256.242431640625, 34.85490417480469, 35.17271041870117, 19.714256286621094, 31.52436065673828, 18.97754669189453, 96.76512145996094, 19.395727157592773, 25.98949432373047, 24.833568572998047, 24.396215438842773, 25.988487243652344, 0.4011898934841156, 15.001773834228516, 23.958097457885742, 24.09844398498535, 18.430540084838867, 35.44512939453125, 17.669960021972656, 17.70922088623047, 34.87346649169922, 35.01995086669922, 256.5234680175781, 34.920162200927734, -2.585841178894043, 64.48601531982422, 19.571378707885742, 19.04006004333496, 0.12354346364736557, 65.14283752441406, 24.079355239868164, 23.986997604370117, 95.58146667480469, 26.24837875366211, 19.48410987854004, 32.06611633300781, 24.83987808227539, 25.091754913330078, 2.0315260887145996, 27.092878341674805, 65.69728088378906, 15.174003601074219, 111.89685821533203, 18.519195556640625, 29.94594955444336, 11.382135391235352, 30.572471618652344, 0.9623139500617981, 18.11550521850586], "load_p": [37.90628433227539, 14.850786209106445, 28.86640167236328, 22.45225715637207, 38.43666076660156, 14.194572448730469, 52.396793365478516, 35.36767578125, 25.54610252380371, 10.459970474243164, 67.06074523925781, 18.712316513061523, 8.010530471801758, 44.1545295715332, 33.422977447509766, 13.20434856414795, 10.324774742126465, 7.49571418762207, 5.229720115661621, 46.580116271972656, 12.47946548461914, 17.92378807067871, 32.22481155395508, 44.124244689941406, 10.718988418579102, 27.554887771606445, 15.463485717773438, 14.43387222290039, 11.734506607055664, 8.563211441040039, 15.981706619262695, 16.148778915405273, 7.9234619140625, 7.019528865814209, 23.25421714782715, 12.351081848144531, 14.946086883544922, 8.7861328125, 38.20644760131836, 7.420498371124268, 7.465808868408203, 7.926417827606201, 10.179356575012207, 49.867027282714844, 27.660390853881836, 36.93043518066406, 5.215937614440918, 5.222971439361572, 121.51773071289062, 33.513797760009766, 33.25141906738281, 17.15106201171875, 12.296782493591309, 45.95976257324219, 47.354068756103516, 33.21214294433594, 29.92959213256836, 26.82427406311035, 31.647493362426758, 17.033781051635742, 57.442813873291016, 59.65282440185547, 21.640010833740234, 11.776310920715332, 26.26189613342285, 22.86964988708496, 52.23891067504883, 85.36239624023438, 70.14454650878906, 13.27202033996582, 32.0890007019043, 45.718971252441406, 41.463706970214844, 6.575868129730225, 14.99654483795166, 40.279754638671875, 23.9403076171875, 5.4167609214782715, 24.984561920166016, 41.31118392944336, 33.49861526489258, 46.475067138671875, 29.734895706176758, 2.165454387664795, 8.72635269165039, 42.36797332763672, 27.169696807861328, 5.956482887268066, 16.465545654296875, 15.009825706481934, 14.51249885559082], "p_or": [-7.705613613128662, -30.200664520263672, 77.20616149902344, -32.208065032958984, 33.79325866699219, -32.335601806640625, 3.188703703926876e-05, 48.14779281616211, 45.563350677490234, 40.71109390258789, -0.20918747782707214, 7.003237247467041, 87.17821502685547, -22.641124725341797, 18.125944137573242, 41.608978271484375, 9.871071815490723, 4.601294040679932, 2.208660840988159, -7.174683094024658, 99.13815307617188, 2.3799378871917725, 32.77547836303711, 43.03752136230469, -5.272645950317383, 20.12494468688965, 3.873396873474121, 39.465248107910156, 18.469160079956055, -13.113953590393066, 9.881019592285156, 18.944860458374023, -7.041312217712402, 6.38873291015625, 1.9986774921417236, 18.97614860534668, -7.141956329345703, -17.207231521606445, -23.53363800048828, -30.773351669311523, -11.166422843933105, 56.94169998168945, 33.91986083984375, -41.91119384765625, 60.162879943847656, 53.829010009765625, 24.90433692932129, 44.72367858886719, -20.6368350982666, -34.23515319824219, -57.0827522277832, -52.34888458251953, 38.05388641357422, 43.61650848388672, 35.632080078125, -5.744314193725586, 11.302364349365234, 8.182312965393066, 37.47893524169922, 1.6350302696228027, -10.402438163757324, 3.6030397415161133, 17.545270919799805, 61.629981994628906, 25.406755447387695, 3.8108487129211426, 20.551307678222656, -3.9171218872070312, -0.8163322806358337, 18.213401794433594, 18.93863868713379, 9.42633056640625, -11.113152503967285, -3.253950357437134, 9.1663179397583, -9.876328468322754, -2.132347345352173, 24.716554641723633, -8.099339485168457, -2.3236658573150635, 15.110751152038574, 32.92842483520508, -17.89259147644043, 9.16385269165039, -24.033655166625977, -0.3419913649559021, -9.588213920593262, 30.44701385498047, 11.129175186157227, 14.031723976135254, 25.301897048950195, 0.7233277559280396, -9.621709823608398, -17.15506362915039, 69.96046447753906, -110.81658935546875, -53.93364334106445, 56.452781677246094, 26.253660202026367, 13.588567733764648, 110.02162170410156, 121.36055755615234, 23.59307289123535, -4.41123104095459, 18.3397274017334, -13.540313720703125, 27.845556259155273, 72.3126220703125, 16.12632179260254, 8.654336929321289, -0.3937908113002777, -15.069733619689941, 5.188181400299072, 14.850289344787598, -39.94915771484375, -6.979537487030029, -10.65851879119873, 124.07085418701172, 33.24580764770508, -18.827810287475586, 2.4896280765533447, -9.338717460632324, -13.542040824890137, 17.31574821472168, 25.605844497680664, 9.95928955078125, -4.351641654968262, 5.148974895477295, -2.556232452392578, -34.678443908691406, -27.448253631591797, 38.173675537109375, 38.173675537109375, -9.026701927185059, -11.357246398925781, 19.77031898498535, 25.095407485961914, 12.146700859069824, 4.185933589935303, -6.012524604797363, -34.80466079711914, 14.832657814025879, 14.413637161254883, -0.7983312010765076, -24.713279724121094, -11.750155448913574, -6.731547832489014, 12.200911521911621, 0.26685386896133423, 5.062272548675537, -1.3818398714065552, 52.400238037109375, -0.24766047298908234, -0.25759783387184143, -1.7115983963012695, -18.224328994750977, -19.133731842041016, -17.13022232055664, -17.1522274017334, -19.507673263549805, -52.71815490722656, 90.38684844970703, 53.49338912963867, -52.15182113647461, -3.0568854808807373, -3.0568854808807373, -2.9370415210723877, 2.79824161529541, 9.583771705627441, 17.601707458496094, 20.58485984802246, -11.555246353149414, 35.2738151550293, 180.89678955078125, 134.8947296142578, 225.5549774169922, 19.48410987854004, 18.11550521850586, 105.24786376953125, 32.57781982421875, 52.71815490722656, -0.7067323327064514, 1.189266324043274, 292.0, 82.03298950195312, -225.5549774169922],