{
    "subtract": {
        "gen_p": [
            77.72411346435547,
            76.08949279785156,
            16.307462692260742,
            4.841547012329102,
            2.77384614944458,
            75.26004791259766
        ],
        "load_p": [
            20.825471878051758,
            90.91199493408203,
            45.777164459228516,
            7.28923225402832,
            10.847692489624023,
            28.362388610839844,
            8.619540214538574,
            3.345064640045166,
            5.811521530151367,
            12.868392944335938,
            14.453483581542969
        ],
        "p_or": [
            39.53484344482422,
            35.72510528564453,
            26.402589797973633,
            38.339576721191406,
            31.373746871948242,
            11.250571250915527,
            -30.6213436126709,
            10.894572257995605,
            8.099101066589355,
            19.170448303222656,
            1.324870228767395,
            6.546590805053711,
            -7.296788692474365,
            2.1869330406188965,
            8.147103309631348,
            20.963315963745117,
            12.49669075012207,
            27.862831115722656,
            -2.77384614944458,
            -23.737173080444336
        ],
        "rho": [
            0.31811219453811646,
            0.3228909969329834,
            0.29846155643463135,
            0.24503940343856812,
            0.728710412979126,
            0.21431052684783936,
            0.38150760531425476,
            0.5851418375968933,
            0.5217846035957336,
            0.7700181007385254,
            0.15442484617233276,
            0.33324259519577026,
            0.3294888138771057,
            0.4427935481071472,
            0.4267127811908722,
            0.4627947509288788,
            0.4473208487033844,
            0.6580688953399658,
            0.4645286202430725,
            0.4269096255302429
        ]
    },
    "divide": {
        "gen_p": [
            7.756693363189697,
            7.589367866516113,
            10.905564308166504,
            7.761310577392578,
            4.436417579650879,
            7.991945266723633
        ],
        "load_p": [
            2.1117539405822754,
            10.80477523803711,
            5.256755828857422,
            1.0,
            1.0388567447662354,
            3.145577907562256,
            1.0688883066177368,
            1.0,
            1.0,
            1.7866764068603516,
            1.7517071962356567
        ],
        "p_or": [
            4.289666652679443,
            4.063413143157959,
            3.9225733280181885,
            4.2125139236450195,
            4.006062030792236,
            4.404453754425049,
            4.4130144119262695,
            3.0197932720184326,
            1.180946946144104,
            3.1444363594055176,
            2.143515110015869,
            1.2564681768417358,
            2.6620051860809326,
            1.0,
            1.9582809209823608,
            4.211478233337402,
            1.8088113069534302,
            8.19498348236084,
            4.436417579650879,
            2.871398687362671
        ],
        "rho": [
            1.0,
            1.0,
            1.0,
            1.0,
            1.0,
            1.0,
            1.0,
            1.0,
            1.0,
            1.0,
            1.0,
            1.0,
            1.0,
            1.0,
            1.0,
            1.0,
            1.0,
            1.0,
            1.0,
            1.0
        ]
    }
}