{"subtract": {"gen_p": [48.49977111816406, 47.43569564819336, 217.70396423339844, 45.29600143432617, 23.375944137573242, 23.326772689819336, 0.7918503880500793, 23.43685531616211, 32.47520446777344, 23.441930770874023, 24.254634857177734, 18.153884887695312, 45.0131950378418, 217.28475952148438, 45.202579498291016, 45.48447036743164, 17.317825317382812, 41.68549346923828, 16.67074966430664, 70.4636459350586, 17.03685188293457, 34.38721466064453, 21.67867088317871, 21.475133895874023, 34.38313674926758, 0.8160078525543213, 13.245787620544434, 21.09038543701172, 21.245746612548828, 16.2220516204834, 31.3528995513916, 21.89458465576172, 21.85400390625, 45.90481948852539, 30.880277633666992, 217.38368225097656, 45.99822235107422, 33.16462707519531, 50.76894760131836, 17.461355209350586, 17.392845153808594, 0.3429923951625824, 50.58150863647461, 21.75623893737793, 21.583343505859375, 70.06559753417969, 34.59880065917969, 18.006410598754883, 42.370662689208984, 23.275676727294922, 23.342119216918945, 3.085505962371826, 35.60839080810547, 51.70500183105469, 19.938522338867188, 98.44952392578125, 17.140317916870117, 39.24353790283203, 13.325263023376465, 40.033546447753906, 1.4428998231887817, 15.916733741760254], "load_p": [37.06008529663086, 14.500268936157227, 28.19227409362793, 21.858951568603516, 37.526615142822266, 13.809350967407227, 50.95861053466797, 34.38388442993164, 24.827035903930664, 10.16956615447998, 65.41634368896484, 18.208219528198242, 7.810784816741943, 43.01790237426758, 32.51581954956055, 12.878750801086426, 10.057290077209473, 7.280825614929199, 5.073613166809082, 45.031490325927734, 12.106135368347168, 17.348796844482422, 31.177093505859375, 42.7511100769043, 10.419130325317383, 26.738262176513672, 14.970572471618652, 13.997751235961914, 11.414116859436035, 8.343268394470215, 15.553776741027832, 15.72642993927002, 7.684341907501221, 6.81619930267334, 22.529470443725586, 11.972668647766113, 14.469491004943848, 8.513777732849121, 36.97206115722656, 7.200969219207764, 7.250530242919922, 7.720050811767578, 9.8992280960083, 48.49751663208008, 26.94261360168457, 35.914024353027344, 5.083251953125, 5.078700542449951, 118.23353576660156, 32.55662536621094, 32.27904510498047, 16.614559173583984, 11.911251068115234, 44.67674255371094, 46.113563537597656, 32.253578186035156, 29.01324462890625, 25.961437225341797, 30.588733673095703, 16.488000869750977, 55.54279708862305, 57.81590270996094, 21.025169372558594, 11.472622871398926, 25.4429931640625, 22.220300674438477, 50.61955261230469, 82.6246337890625, 68.12164306640625, 12.872477531433105, 31.15340232849121, 44.337100982666016, 40.16954803466797, 6.372631072998047, 14.523959159851074, 39.04778289794922, 23.233379364013672, 5.257142066955566, 24.229642868041992, 40.04253005981445, 32.514163970947266, 45.1633186340332, 28.943363189697266, 2.1001648902893066, 8.458952903747559, 41.070186614990234, 26.32522964477539, 5.76352071762085, 15.932182312011719, 14.57315444946289, 14.07719612121582], "p_or": [-7.458153247833252, -29.60191535949707, 75.67581939697266, -31.614309310913086, 33.22462463378906, -31.74405860900879, 3.188354821759276e-05, 44.677223205566406, 41.62929153442383, 44.41646957397461, -2.31330943107605, 6.183284282684326, 90.17101287841797, -22.039552688598633, 17.354530334472656, 38.449798583984375, 7.781554698944092, 0.7273620367050171, 0.3470967411994934, -8.714516639709473, 95.79460906982422, 10.071327209472656, 25.808292388916016, 32.841712951660156, -5.054685115814209, 13.731514930725098, 4.659026622772217, 35.30350112915039, 14.857884407043457, -15.597112655639648, 10.180940628051758, 19.52122688293457, -6.729610443115234, 8.951483726501465, 2.799748182296753, 18.89875602722168, -6.825859546661377, -14.406617164611816, -20.530120849609375, -27.530832290649414, -5.820917129516602, 53.635414123535156, 24.875436782836914, -34.93263626098633, 56.75798034667969, 47.875885009765625, 25.139127731323242, 39.02939224243164, -19.93955421447754, -39.23723602294922, -50.33429718017578, -49.253353118896484, 32.6679801940918, 38.05583572387695, 34.50053405761719, -5.497470378875732, 10.895185470581055, 9.024380683898926, 28.836109161376953, 0.37841150164604187, -9.108572959899902, 2.143266439437866, 13.900860786437988, 49.44092559814453, 23.080669403076172, -1.5798829793930054, 14.329060554504395, -8.536364555358887, 0.13435032963752747, 12.102517127990723, 11.237071990966797, 3.5983872413635254, -13.048012733459473, -13.477166175842285, 4.456593990325928, -5.660503387451172, -5.82027530670166, 27.71050453186035, -11.602320671081543, -1.1970542669296265, 14.668781280517578, 32.387001037597656, -17.803878784179688, 9.392023086547852, -26.605806350708008, 20.191001892089844, -8.857268333435059, 30.81307029724121, 11.854933738708496, 12.801953315734863, 23.81597137451172, -0.1687934845685959, -10.24395751953125, -17.56222915649414, 68.76837158203125, -104.09452819824219, -52.873146057128906, 45.56536865234375, 28.73008918762207, 16.41764259338379, 105.64535522460938, 110.69284057617188, 17.943710327148438, -1.0269787311553955, 12.55989933013916, -14.685508728027344, 33.98945617675781, 70.91532897949219, 15.459858894348145, 8.326207160949707, -0.30670908093452454, -14.66384506225586, 4.838685512542725, 14.325430870056152, -39.338436126708984, -6.184422016143799, -9.774654388427734, 117.58174896240234, 32.78160858154297, -17.71750259399414, 8.496039390563965, -2.974959135055542, -7.115473747253418, 15.624982833862305, 23.6363582611084, 8.508172988891602, -4.4183149337768555, 3.673720598220825, -3.120960235595703, -44.9833984375, -26.448442459106445, 30.51140022277832, 30.51140022277832, -9.678560256958008, -11.651611328125, 20.148252487182617, 25.507118225097656, 12.139897346496582, 4.386390209197998, -5.531120777130127, -45.12953186035156, 15.36187744140625, 14.926207542419434, -0.31902793049812317, -21.092283248901367, -11.651900291442871, -7.477991580963135, 12.802226066589355, -0.5327028036117554, 5.707669258117676, -2.1495792865753174, 53.885746002197266, -1.0491609573364258, -1.0958194732666016, -2.3681020736694336, -20.421632766723633, -20.86383628845215, -12.724273681640625, -18.595537185668945, -23.22833824157715, -52.624961853027344, 82.9372329711914, 52.6362190246582, -41.52050018310547, -4.231886386871338, -4.231886386871338, -1.5079067945480347, 4.040048599243164, 7.940754413604736, 15.615145683288574, 18.663869857788086, -3.296971559524536, 34.6382942199707, 157.04017639160156, 106.58936309814453, 217.2494354248047, 18.006410598754883, 15.916733741760254, 96.88545227050781, 33.57598114013672, 52.624961853027344, -11.237150192260742, -11.170412063598633, 268.53564453125, 64.88946533203125, -217.2494354248047],