{"subtract": {"gen_p": [48.92992401123047, 47.84900665283203, 224.75404357910156, 45.91574478149414, 23.184362411499023, 23.090087890625, 0.7953161001205444, 23.468568801879883, 33.200050354003906, 23.473926544189453, 24.7822265625, 18.210529327392578, 45.4028205871582, 224.1245574951172, 45.83282470703125, 46.34284210205078, 17.500703811645508, 42.034515380859375, 17.044944763183594, 72.52224731445312, 17.12248992919922, 34.506439208984375, 21.691232681274414, 21.37875747680664, 34.50187301635742, 0.8041624426841736, 13.343413352966309, 21.507680892944336, 21.584135055541992, 16.543481826782227, 31.26628875732422, 22.292194366455078, 22.270389556884766, 46.02400588989258, 30.581911087036133, 224.52931213378906, 46.08855056762695, 33.55368423461914, 51.99382019042969, 17.505414962768555, 17.171993255615234, 0.3336961567401886, 51.871124267578125, 21.365964889526367, 21.169965744018555, 72.03472137451172, 34.267459869384766, 17.851375579833984, 41.613346099853516, 23.110576629638672, 23.15991973876953, 2.940035581588745, 34.907386779785156, 53.05266189575195, 19.54646110534668, 100.25128936767578, 16.938243865966797, 38.74858856201172, 13.721722602844238, 39.2211799621582, 1.409511923789978, 15.63944149017334], "load_p": [37.60649871826172, 14.678094863891602, 28.507665634155273, 22.185239791870117, 37.84562301635742, 13.99630069732666, 51.71039962768555, 34.922855377197266, 25.21805191040039, 10.299439430236816, 66.10414123535156, 18.4783992767334, 7.913204193115234, 43.47351837158203, 32.899017333984375, 12.986751556396484, 10.162627220153809, 7.382311820983887, 5.146979331970215, 45.77275085449219, 12.233413696289062, 17.605825424194336, 31.68541717529297, 43.376197814941406, 10.564958572387695, 27.126008987426758, 15.212601661682129, 14.181390762329102, 11.549541473388672, 8.429577827453613, 15.697186470031738, 15.92292594909668, 7.7948317527771, 6.910379409790039, 22.843517303466797, 12.144831657409668, 14.671470642089844, 8.630062103271484, 37.45158004760742, 7.296066761016846, 7.354179382324219, 7.8307719230651855, 10.073243141174316, 49.25928497314453, 27.272523880004883, 36.43153381347656, 5.124241828918457, 5.130551815032959, 119.77783203125, 32.82240295410156, 32.51856231689453, 16.818294525146484, 12.036341667175293, 45.1158447265625, 46.62407684326172, 32.75423049926758, 29.408523559570312, 26.311649322509766, 31.112289428710938, 16.667335510253906, 56.37437438964844, 58.79768371582031, 21.29050064086914, 11.569231033325195, 25.840965270996094, 22.494821548461914, 51.36443328857422, 83.82273864746094, 68.73079681396484, 13.090754508972168, 31.43821144104004, 44.910953521728516, 40.72296905517578, 6.456614017486572, 14.729480743408203, 39.57124710083008, 23.527982711791992, 5.326810836791992, 24.540660858154297, 40.5810661315918, 32.884578704833984, 45.62489700317383, 29.225889205932617, 2.127779483795166, 8.571412086486816, 41.59359359741211, 26.666818618774414, 5.84904146194458, 16.16938018798828, 14.786527633666992, 14.293188095092773], "p_or": [-7.459049701690674, -30.147249221801758, 76.23173522949219, -32.83783721923828, 34.53939437866211, -32.9749755859375, 3.186435787938535e-05, 45.863590240478516, 42.94520568847656, 45.00491714477539, -1.6761647462844849, 6.080493927001953, 93.37004852294922, -22.220638275146484, 18.581737518310547, 39.357486724853516, 8.162664413452148, 1.388973355293274, 0.6652043461799622, -8.51313591003418, 98.9271011352539, 11.30691909790039, 26.99732780456543, 34.563148498535156, -4.971203804016113, 14.784456253051758, 5.087745189666748, 36.224178314208984, 15.49246883392334, -15.434493064880371, 10.563865661621094, 20.255884170532227, -7.1653032302856445, 8.033615112304688, 2.632956027984619, 19.733381271362305, -7.263676643371582, -15.100329399108887, -21.421064376831055, -28.452089309692383, -7.218694686889648, 55.203163146972656, 25.61570930480957, -36.03451156616211, 58.36643600463867, 49.810611724853516, 25.60027313232422, 40.84911346435547, -20.382104873657227, -38.87663650512695, -52.3183479309082, -50.718502044677734, 34.35263442993164, 39.80757522583008, 35.131919860839844, -5.748984336853027, 11.220417976379395, 9.316871643066406, 30.581954956054688, 0.9148496985435486, -9.027907371520996, 2.5463414192199707, 13.976902961730957, 51.313331604003906, 23.756498336791992, -1.0893182754516602, 14.846085548400879, -8.25468635559082, 0.19806382060050964, 12.586663246154785, 12.163084030151367, 3.968388319015503, -13.43522834777832, -12.333695411682129, 4.524747371673584, -5.6902899742126465, -6.1741437911987305, 28.397005081176758, -12.042964935302734, -1.0368634462356567, 14.88497257232666, 33.1342658996582, -18.317285537719727, 9.621914863586426, -27.354799270629883, 19.21347999572754, -8.899779319763184, 31.547908782958984, 12.654624938964844, 13.1384916305542, 24.368915557861328, 0.05373865365982056, -10.128264427185059, -17.548625946044922, 71.52105712890625, -106.90601348876953, -53.821903228759766, 46.5349235534668, 29.29625701904297, 16.84885597229004, 109.24826049804688, 114.05989837646484, 18.119144439697266, -0.8571602702140808, 12.557271957397461, -14.860448837280273, 34.425628662109375, 72.27953338623047, 15.971969604492188, 9.009391784667969, -0.27204471826553345, -14.94056510925293, 5.197902202606201, 14.47502326965332, -39.95775604248047, -6.10271692276001, -9.744790077209473, 122.58084869384766, 33.80624008178711, -17.775981903076172, 8.571349143981934, -2.827843189239502, -7.186535835266113, 16.42887306213379, 24.567459106445312, 9.202553749084473, -4.072553634643555, 3.903150796890259, -3.0918397903442383, -45.60039138793945, -26.891082763671875, 31.45294189453125, 31.867990493774414, -9.64714241027832, -11.739296913146973, 20.536087036132812, 25.574880599975586, 12.213525772094727, 4.348580837249756, -5.743642330169678, -45.74767303466797, 15.622993469238281, 15.279037475585938, -0.33848756551742554, -21.490171432495117, -11.811269760131836, -7.713755130767822, 13.08965015411377, -0.35912013053894043, 5.590334892272949, -2.133054733276367, 55.38068771362305, -1.018776535987854, -1.0639798641204834, -2.4604923725128174, -20.96080207824707, -21.415760040283203, -13.139305114746094, -18.60055160522461, -23.0882568359375, -53.195011138916016, 87.22608947753906, 53.38589859008789, -42.79692077636719, -4.330363750457764, -4.330363750457764, -1.6798878908157349, 3.927330493927002, 8.180608749389648, 16.082439422607422, 19.157236099243164, -4.227461814880371, 36.02569580078125, 161.10484313964844, 110.06317138671875, 224.6363983154297, 17.851375579833984, 15.63944149017334, 98.76997375488281, 34.22880935668945, 53.195011138916016, -10.532268524169922, -10.43665885925293, 277.8835754394531, 66.45199584960938, -224.6363983154297],