{
    "Agent": {
        "total": 35.61618169999019
    },
    "Env": {
        "apply_act": 8.598984899999778,
        "observation_computation": 1.5649372000116273,
        "powerflow_computation": 15.569562700027745,
        "total": 25.73348480003915
    },
    "total": 61.65176020000035
}