{"subtract": {"gen_p": [81.34327697753906, 78.644775390625, 332.3141174316406, 73.52313995361328, 0.006716418545693159, 0.006716418545693159, 0.053731340914964676, 0.005970149766653776, 98.38880920410156, 0.005970149766653776, 50.851497650146484, 0.005223880987614393, 67.7701416015625, 331.9588623046875, 72.64476776123047, 74.36195373535156, 0.005223880987614393, 55.96864700317383, 0.005223880987614393, 159.09921264648438, 0.005223880987614393, 44.87163162231445, 0.005970149766653776, 0.005970149766653776, 44.916412353515625, 0.053731340914964676, 0.00447761220857501, 0.006716418545693159, 0.006716418545693159, 0.005223880987614393, 0.008208955638110638, 13.8850736618042, 13.688058853149414, 43.9007453918457, 0.00895522441715002, 331.9588623046875, 44.34103012084961, 34.66097640991211, 139.25595092773438, 0.005223880987614393, 0.005223880987614393, 0.03582089766860008, 140.34176635742188, 0.005970149766653776, 0.005970149766653776, 159.75669860839844, 43.48134231567383, 0.005223880987614393, 48.9015007019043, 0.006716418545693159, 0.006716418545693159, 0.22537313401699066, 31.307464599609375, 144.5619659423828, 17.526119232177734, 128.51193237304688, 0.005223880987614393, 34.933570861816406, 4.405224323272705, 34.77910614013672, 0.13656717538833618, 0.005223880987614393], "load_p": [46.97165298461914, 19.41716766357422, 37.17089080810547, 28.62238883972168, 50.88804626464844, 18.589553833007812, 65.35894012451172, 45.98432540893555, 32.78135299682617, 12.738801956176758, 88.60149383544922, 24.498510360717773, 10.240300178527832, 55.43507385253906, 41.63731002807617, 16.832836151123047, 13.035076141357422, 9.251493453979492, 6.494777202606201, 55.38581848144531, 14.613433837890625, 21.517166137695312, 38.26194381713867, 53.16642761230469, 12.288804054260254, 31.683578491210938, 17.664175033569336, 16.212682723999023, 13.521647453308105, 10.130593299865723, 18.790298461914062, 18.55298614501953, 8.951491355895996, 7.846268653869629, 26.218652725219727, 14.350747108459473, 16.832090377807617, 9.954476356506348, 44.24850845336914, 8.169403076171875, 8.68358325958252, 9.244027137756348, 11.9179105758667, 56.89850616455078, 33.276119232177734, 43.63507080078125, 6.393287658691406, 5.82761287689209, 144.6784210205078, 39.5000114440918, 41.620887756347656, 20.791046142578125, 15.15522289276123, 53.34626770019531, 56.327613830566406, 41.08507537841797, 35.685821533203125, 30.8089542388916, 38.70521926879883, 19.81791114807129, 63.98956298828125, 75.15299224853516, 25.328359603881836, 14.688058853149414, 30.384323120117188, 28.02611541748047, 58.73134231567383, 104.03804779052734, 82.74701690673828, 16.208955764770508, 35.76566696166992, 51.90597915649414, 46.14699935913086, 7.329103946685791, 16.64850616455078, 44.667911529541016, 26.80596923828125, 6.0716423988342285, 28.141788482666016, 45.60523223876953, 37.616416931152344, 53.915672302246094, 34.58283615112305, 2.5037312507629395, 9.903731346130371, 48.126121520996094, 30.764179229736328, 7.022387504577637, 19.596263885498047, 17.802236557006836, 16.511938095092773], "p_or": [-6.725650310516357, -40.246002197265625, 83.54778289794922, -47.93896484375, 51.377620697021484, -48.216514587402344, 3.128241223748773e-05, 70.94730377197266, 71.21057891845703, 37.254608154296875, 12.62315559387207, 0.3717876970767975, 93.91912841796875, -26.27591896057129, 23.4462947845459, 62.96430587768555, 24.083770751953125, 32.18893814086914, 15.470550537109375, 4.2323431968688965, 113.02149200439453, -16.445751190185547, 50.089698791503906, 67.3240737915039, -3.135836362838745, 33.688323974609375, 28.338184356689453, 53.197574615478516, 29.93051528930664, -6.111640453338623, 27.428346633911133, 52.5958251953125, -25.060440063476562, -5.821675777435303, -1.818108320236206, 34.701324462890625, -25.226924896240234, -29.360885620117188, -37.17481231689453, -46.09849548339844, -15.043990135192871, 60.86430740356445, 50.51306915283203, -50.369117736816406, 64.45518493652344, 56.051414489746094, 33.98378372192383, 45.94001007080078, -32.98956298828125, -55.33858871459961, -67.19979858398438, -55.78531265258789, 38.64650344848633, 44.9156494140625, 49.964820861816406, -16.15026092529297, 22.47208023071289, 13.505561828613281, 57.131935119628906, 8.035780906677246, -9.004690170288086, 9.406791687011719, 26.16190528869629, 81.85354614257812, 24.447206497192383, 3.602771520614624, 24.831632614135742, -3.8823978900909424, 0.8634808659553528, 22.162982940673828, 28.0668888092041, 12.205142974853516, -4.319478988647461, -3.9061553478240967, -5.037827968597412, 5.163693904876709, -17.309585571289062, 44.44931411743164, -24.417619705200195, 0.645612359046936, 17.945568084716797, 53.66326904296875, -36.052391052246094, 10.222309112548828, -56.73668670654297, 36.74325942993164, -14.360151290893555, 42.91933822631836, 37.976966857910156, 9.679186820983887, 36.583797454833984, -7.277646541595459, -20.345781326293945, -29.6937313079834, 107.02372741699219, -152.51583862304688, -74.52110290527344, 55.084228515625, 44.72902297973633, 29.66439437866211, 168.41659545898438, 188.3976287841797, 7.766992568969727, 7.8896942138671875, 8.985426902770996, -23.07271385192871, 56.40985107421875, 105.6336898803711, 30.943359375, 22.87498664855957, 1.972098469734192, -19.636274337768555, 18.187236785888672, 14.26374340057373, -68.4083251953125, -7.82796573638916, -12.144745826721191, 224.97398376464844, 53.46030044555664, -21.469039916992188, 12.85608959197998, -0.9987701773643494, -6.0358405113220215, 34.93811798095703, 44.71906280517578, 26.28678321838379, 5.860804080963135, -3.0801329612731934, -5.524698257446289, -73.03653717041016, -23.314964294433594, 66.50566101074219, 66.50566101074219, -5.989237308502197, -15.505624771118164, 37.40861892700195, 47.045265197753906, 19.107669830322266, 9.786284446716309, -2.1897778511047363, -73.26026153564453, 34.3293571472168, 33.376243591308594, 5.2241692543029785, 10.348949432373047, -16.977886199951172, -21.813302993774414, 28.866289138793945, -12.121062278747559, 18.178651809692383, -8.807705879211426, 94.6224136352539, -7.982988357543945, -8.346492767333984, -11.074301719665527, -31.63374900817871, -34.1027946472168, -39.94755172729492, -17.64317512512207, -12.132946968078613, -115.39598083496094, 171.91676330566406, 91.94952392578125, -164.33837890625, -16.161020278930664, -16.161020278930664, -17.35645294189453, -10.191642761230469, 25.54356575012207, 3.383251190185547, 7.464956760406494, -44.667572021484375, 53.73955535888672, 236.93418884277344, 143.5613250732422, 239.72994995117188, 0.005223880987614393, 0.005223880987614393, 127.69364929199219, 50.43928527832031, 115.39598083496094, 48.679420471191406, 51.96909713745117, 283.51318359375, 41.28462600708008, -239.72994995117188],