{
    "Agent": {
        "total": 12.56537229999958
    },
    "Env": {
        "apply_act": 2.9267353000018375,
        "observation_computation": 0.5514443999963987,
        "powerflow_computation": 5.48308089999955,
        "total": 8.961260599997786
    },
    "total": 21.630508400000053
}