{
    "Agent": {
        "total": 9.452804803848267
    },
    "Env": {
        "apply_act": 2.0136961936950684,
        "observation_computation": 0.3902120590209961,
        "powerflow_computation": 4.557356595993042,
        "total": 6.9612648487091064
    },
    "total": 16.49184799194336
}