{
    "Agent": {
        "total": 15.281020500000523
    },
    "Env": {
        "apply_act": 3.7746916000050987,
        "observation_computation": 0.6745124999993095,
        "powerflow_computation": 6.681327500001771,
        "total": 11.13053160000618
    },
    "total": 26.54258919999984
}