{
    "Agent": {
        "total": 12.125642538070679
    },
    "Env": {
        "apply_act": 2.7189157009124756,
        "observation_computation": 0.4953122138977051,
        "powerflow_computation": 5.711113214492798,
        "total": 8.925341129302979
    },
    "total": 21.152642965316772
}