{"subtract": {"gen_p": [50.40054702758789, 48.935768127441406, 224.2482452392578, 45.370399475097656, 22.851215362548828, 22.74781608581543, 0.9603846073150635, 23.097511291503906, 34.67940139770508, 23.102346420288086, 26.25151824951172, 17.874834060668945, 44.34502410888672, 223.52476501464844, 45.078189849853516, 45.13886642456055, 17.172136306762695, 41.68400573730469, 16.682071685791016, 75.03770446777344, 16.919023513793945, 33.91373825073242, 21.575855255126953, 21.242124557495117, 33.91035079956055, 0.9886202216148376, 13.12277603149414, 21.095699310302734, 21.185401916503906, 16.226715087890625, 30.785886764526367, 22.537761688232422, 22.500612258911133, 43.98862838745117, 30.43772315979004, 223.9728546142578, 44.10605239868164, 33.883731842041016, 54.0783805847168, 17.242013931274414, 17.04753875732422, 0.4354477524757385, 53.96887969970703, 21.39093780517578, 21.258743286132812, 74.67304229736328, 32.94066619873047, 17.58808708190918, 39.79336166381836, 22.619096755981445, 22.748931884765625, 3.781010150909424, 32.75343704223633, 55.341697692871094, 18.33842658996582, 100.78684997558594, 16.58640480041504, 36.372314453125, 14.309039115905762, 36.646244049072266, 1.7190378904342651, 15.914109230041504], "load_p": [37.36348342895508, 14.61993408203125, 28.41040802001953, 22.09830093383789, 37.80950164794922, 13.956137657165527, 51.49343490600586, 34.86309814453125, 25.102840423583984, 10.230364799499512, 65.99492645263672, 18.39851188659668, 7.854423999786377, 42.91320037841797, 32.64317321777344, 12.848665237426758, 10.073939323425293, 7.349069118499756, 5.142422199249268, 45.58000183105469, 12.08025074005127, 17.512968063354492, 31.489221572875977, 43.17571258544922, 10.514466285705566, 27.02106475830078, 15.152511596679688, 14.120199203491211, 11.494514465332031, 8.40290355682373, 15.59872055053711, 15.879262924194336, 7.779717445373535, 6.885826110839844, 22.770353317260742, 12.13769817352295, 14.635150909423828, 8.609101295471191, 37.45812225341797, 7.2766594886779785, 7.364490509033203, 7.833164215087891, 10.061877250671387, 49.170936584472656, 27.371021270751953, 36.40968322753906, 5.131129264831543, 5.118274211883545, 119.93817901611328, 32.5145149230957, 32.34821701049805, 16.85012435913086, 12.055249214172363, 44.9813232421875, 46.446170806884766, 32.737972259521484, 29.37248420715332, 26.15395164489746, 31.119606018066406, 16.5904483795166, 56.16410827636719, 58.892398834228516, 21.18341827392578, 11.482409477233887, 25.702072143554688, 22.510055541992188, 51.01283645629883, 83.49398040771484, 68.4166259765625, 13.120185852050781, 31.096586227416992, 44.752655029296875, 40.57622528076172, 6.437833786010742, 14.664494514465332, 39.39622116088867, 23.434579849243164, 5.300731658935547, 24.417356491088867, 40.385475158691406, 32.745872497558594, 45.59952163696289, 29.1499080657959, 2.121981382369995, 8.538646697998047, 41.431026458740234, 26.57086181640625, 5.817111492156982, 16.08121681213379, 14.720330238342285, 14.256662368774414], "p_or": [-7.35983943939209, -30.00354766845703, 76.06077575683594, -32.83828353881836, 34.568084716796875, -32.977821350097656, 3.185516470693983e-05, 46.25270080566406, 43.4809455871582, 44.58182907104492, -1.1268774271011353, 6.502808094024658, 93.12474822998047, -22.062576293945312, 18.75989532470703, 39.86557388305664, 8.661877632141113, 2.525491237640381, 1.211855173110962, -7.937275409698486, 99.46711730957031, 10.674164772033691, 27.83136749267578, 35.84785842895508, -4.8861260414123535, 15.68274974822998, 5.361251354217529, 36.489112854003906, 15.915547370910645, -14.820833206176758, 10.65916919708252, 20.43857765197754, -7.4651713371276855, 7.255751609802246, 2.350615978240967, 19.742584228515625, -7.564169883728027, -15.38000202178955, -21.704483032226562, -28.763967514038086, -8.092178344726562, 55.556602478027344, 26.682228088378906, -37.217071533203125, 58.710514068603516, 50.671730041503906, 25.69855499267578, 41.754207611083984, -20.171972274780273, -37.084774017333984, -53.03080368041992, -51.073020935058594, 35.27387237548828, 40.70798873901367, 34.85720443725586, -5.6001057624816895, 11.042540550231934, 9.454814910888672, 32.02962875366211, 1.4015299081802368, -8.903934478759766, 2.956880807876587, 15.28406810760498, 52.672080993652344, 23.58490753173828, 0.029378900304436684, 15.450307846069336, -7.101587772369385, 0.4093431234359741, 13.197540283203125, 13.216078758239746, 4.612556457519531, -14.00493049621582, -9.889297485351562, 4.741575241088867, -6.214971542358398, -5.812840938568115, 27.911392211914062, -11.649245262145996, -0.8319850564002991, 14.81840991973877, 33.62211990356445, -18.827939987182617, 9.859322547912598, -26.73491096496582, 21.58677101135254, -8.583992958068848, 30.394123077392578, 13.534025192260742, 13.353084564208984, 24.370357513427734, 0.40673598647117615, -9.685946464538574, -17.070953369140625, 71.58257293701172, -106.38751220703125, -53.66524887084961, 46.60330581665039, 28.73219108581543, 16.44305419921875, 110.65531921386719, 112.85557556152344, 18.605045318603516, -1.167748212814331, 12.464947700500488, -14.4927396774292, 33.778167724609375, 72.21593475341797, 16.603710174560547, 9.59101676940918, -0.2788926661014557, -14.87357234954834, 5.8713507652282715, 14.420646667480469, -40.12835693359375, -6.157316207885742, -9.778557777404785, 124.22823333740234, 33.77581024169922, -17.77638816833496, 8.299417495727539, -2.9164865016937256, -7.361171245574951, 17.002304077148438, 25.138778686523438, 9.787964820861816, -3.6358535289764404, 3.994006395339966, -2.940869092941284, -45.05669403076172, -26.47455596923828, 32.3596305847168, 32.883827209472656, -9.428119659423828, -11.567665100097656, 20.728548049926758, 25.956375122070312, 12.30706787109375, 4.4389729499816895, -5.64255952835083, -45.203269958496094, 15.771065711975098, 15.4887113571167, -0.21332772076129913, -20.843795776367188, -11.970952033996582, -7.913146495819092, 13.298983573913574, -0.6367404460906982, 5.856916904449463, -2.183316230773926, 55.65182113647461, -1.087041974067688, -1.1353991031646729, -2.494739294052124, -21.036462783813477, -21.43852996826172, -13.281183242797852, -17.985971450805664, -22.120529174804688, -53.95137023925781, 89.495849609375, 53.52065658569336, -44.460487365722656, -4.0321760177612305, -4.0321760177612305, -1.8949934244155884, 3.722018241882324, 8.405803680419922, 15.791946411132812, 18.823444366455078, -5.274272918701172, 36.04352951049805, 158.64915466308594, 110.66874694824219, 224.5135040283203, 17.58808708190918, 15.914109230041504, 97.32013702392578, 33.574073791503906, 53.95137023925781, -9.626799583435059, -8.58229923248291, 276.0247802734375, 65.00575256347656, -224.5135040283203],