{
    "Agent": {
        "total": 0.006303071975708008
    },
    "Env": {
        "apply_act": 0.6617081165313721,
        "observation_computation": 0.1539444923400879,
        "powerflow_computation": 1.8492300510406494,
        "total": 2.6648826599121094
    },
    "total": 2.70334792137146
}