{
    "Agent": {
        "total": 0.0065310001373291016
    },
    "Env": {
        "apply_act": 0.7047867774963379,
        "observation_computation": 0.16405844688415527,
        "powerflow_computation": 1.9423632621765137,
        "total": 2.811208486557007
    },
    "total": 2.8497111797332764
}