{
    "Agent": {
        "total": 0.015495061874389648
    },
    "Env": {
        "apply_act": 1.6807594299316406,
        "observation_computation": 0.4043161869049072,
        "powerflow_computation": 4.607250928878784,
        "total": 6.692326545715332
    },
    "total": 6.785621881484985
}